Id,Node
3459,3459
3460,3460
3461,3461
3462,3462
3463,3463
3464,3464
3465,3465
3466,3466
3467,3467
3468,3468
3469,3469
3470,3470
3471,3471
3472,3472
3473,3473
3474,3474
3475,3475
3476,3476
3477,3477
3478,3478
3479,3479
3480,3480
3481,3481
3482,3482
3483,3483
3484,3484
3485,3485
3486,3486
3487,3487
3488,3488
3489,3489
3490,3490
3491,3491
3492,3492
3493,3493
3494,3494
3495,3495
3496,3496
3497,3497
3498,3498
3499,3499
3500,3500
3501,3501
3502,3502
3503,3503
3504,3504
3505,3505
3506,3506
3507,3507
3508,3508
3509,3509
3510,3510
3511,3511
3512,3512
3513,3513
3514,3514
